{"cameraMode":{"drawMode":0,"name":"Shaded","section":"Shading Mode"},"sceneLighting":true,"audioPlay":false,"sceneViewState":{"showFog":true,"showMaterialUpdate":false,"showSkybox":true,"showFlares":true,"showImageEffects":true,"showParticleSystems":true},"in2DMode":false,"pivot":{"x":2.1243250370025636,"y":-1.6103515625,"z":-2.10498046875},"rotation":{"x":0.7422394156455994,"y":-0.0010032737627625466,"z":0.0011150846257805825,"w":0.6701450347900391},"size":28.462045669555665,"orthographic":true}