{"cameraMode":{"drawMode":0,"name":"Shaded","section":"Shading Mode"},"sceneLighting":true,"audioPlay":false,"sceneViewState":{"showFog":true,"showMaterialUpdate":false,"showSkybox":true,"showFlares":true,"showImageEffects":true,"showParticleSystems":true},"in2DMode":false,"pivot":{"x":1.9085693359375,"y":0.05419921875,"z":-1.53515625},"rotation":{"x":0.13250337541103364,"y":0.008920891210436821,"z":-0.001190467388369143,"w":0.9911505579948425},"size":8.210265159606934,"orthographic":true}